{"1_1": {"Defend": -0.5825922351503414, "Prepare": -0.5279644957688764}, "0_2": {"Prepare": -0.7460881009524087}, "1_3": {"Prepare": -1, "Defend": -0.6252177395672434}, "2_2": {"Prepare": -0.6805569305857104, "Defend": -0.7384856950448396}, "3_3": {"Defend": -0.5908210582769927, "Attack": 0.8650640321788019, "Prepare": -1}, "0_0": {"Prepare": -0.4733640923625039}, "3_1": {"Defend": -0.5311860686600433, "Prepare": -0.4468968814923578, "Attack": 1}, "2_0": {"Defend": -0.478943835637458, "Prepare": -0.4013864624231364}, "4_0": {"Prepare": -0.2725751548488841, "Attack": 1, "Defend": -0.4048577711933162}, "5_1": {"Defend": -0.46320893392692086, "Attack": 1, "Prepare": -0.2967650881410236}, "4_2": {"Defend": -0.7170856797128148, "Attack": 1, "Prepare": -0.6591748651817708}, "0_4": {"Prepare": -0.999}, "1_5": {"Defend": -0.8085126117697687, "Prepare": -1}, "5_3": {"Prepare": -0.984812474760525, "Defend": -0.5060472529207011, "Attack": 0.954158208576916}, "4_4": {"Defend": -0.6481185457098639, "Attack": 0.9110215455543138, "Prepare": -0.9957369341156829}, "2_4": {"Defend": -0.7353362993401324, "Prepare": -0.9989535198619466}, "2_6": {"Prepare": -1, "Defend": -0.8907243594012144}, "3_7": {"Attack": 0.9624082623043362, "Defend": -0.25851820256163277, "Prepare": -1}, "0_6": {"Prepare": -1}, "3_5": {"Prepare": -1, "Defend": -0.7766832734393213, "Attack": 0.9433402144827463}, "6_2": {"Prepare": -0.5717543922332661, "Defend": -0.6457615383068374, "Attack": 0.9858982111820845}, "7_1": {"Attack": 1, "Prepare": -0.014624675157532133, "Defend": -0.17488521961201253}, "1_7": {"Prepare": -1, "Defend": -0.8922698943804502}, "6_0": {"Defend": -0.24141045549883555, "Attack": 1, "Prepare": -0.006677738970742327}, "6_4": {"Prepare": -1, "Attack": 0.9434793727697667, "Defend": -0.4478936998907567}, "7_5": {"Prepare": -0.9803367039197517, "Defend": -0.02208953100771873, "Attack": 0.9195831861544791}, "8_4": {"Defend": -0.06622202110282208, "Prepare": -0.9978309}, "7_3": {"Attack": 0.9324363395784707, "Defend": -0.20738609233003233, "Prepare": -0.9626586536211614}, "8_0": {"Prepare": -8.590933329733807e-06, "Attack": 1, "Defend": -0.00036742962688137565}, "9_1": {"Defend": -0.0007553871758522812, "Attack": 1, "Prepare": -8.109703881000001e-05}, "8_2": {"Defend": -0.12693292966284328, "Attack": 1, "Prepare": -0.057581395772350795}, "5_5": {"Prepare": -0.9950901840899999, "Defend": -0.5611047570215575, "Attack": 1}, "6_6": {"Defend": -0.05158916665932844, "Attack": 1, "Prepare": -1}, "5_7": {"Prepare": -0.026878023792882975, "Attack": -0.03561691453640094}, "2_8": {"Prepare": -0.9989634574391347, "Defend": -0.5080474242193693}, "3_9": {"Attack": -0.01795321046980821, "Defend": -0.017493046064629002}, "0_8": {"Prepare": -1}, "9_3": {"Defend": 0.0001999219012688206, "Attack": 0.9900602296990778, "Prepare": -0.9801008999999999}, "4_6": {"Attack": 0.818767966288505, "Prepare": -0.9969765362999999, "Defend": -0.2823715544294266}, "1_9": {"Defend": -0.36264821943746467, "Prepare": -0.9979129738843161}, "0_10": {"Prepare": -0.998991}, "6_8": {"Prepare": -1, "Attack": 0.9809098033295691}, "10_0": {"Prepare": -9.000000000000001e-07, "Attack": 1}, "11_1": {"Defend": -0.0001, "Attack": -0.0001000780987311794}, "10_2": {"Defend": -0.009009737172171}, "1_11": {"Prepare": -0.009000000000000001}, "2_10": {"Prepare": -1}, "10_4": {"Defend": 0.000101}, "9_5": {"Defend": 3.96119e-05}, "4_8": {"Prepare": 0.0, "Attack": -0.0090732691}, "5_9": {"Attack": -0.008881907394141797}, "8_6": {"Attack": -0.0089}}