{"1_1": {"Defend": -0.10824696828520929, "Prepare": -0.08995206107345247}, "0_2": {"Prepare": -0.3109777457297833}, "2_2": {"Defend": -0.31508308250171335, "Prepare": -0.3010057663783569}, "1_3": {"Defend": -0.1721187745165334, "Prepare": -1}, "0_0": {"Prepare": -0.04500075927632839}, "0_4": {"Prepare": -0.9980010009995001}, "2_0": {"Prepare": -0.004830314307144514, "Defend": -0.0501480083521041}, "3_1": {"Prepare": -0.009784895029422902, "Defend": -0.09171518009457433, "Attack": 1}, "4_2": {"Prepare": -0.04030772824673935, "Defend": -0.04441119404114077, "Attack": 1}, "5_3": {"Prepare": -0.99949949999975, "Defend": -0.03832860633295573, "Attack": 0.9988396010814105}, "4_0": {"Prepare": 0.0006502574562548332, "Attack": 1, "Defend": -0.00452726505324898}, "5_1": {"Prepare": 0.0010661410032833465, "Defend": 0.0003067305395802721, "Attack": 1}, "6_2": {"Prepare": -0.005899293088324637, "Defend": -0.013858338973128126, "Attack": 1}, "7_3": {"Attack": 0.9947247517540211, "Defend": -0.00043339882572538703, "Prepare": -0.9990054193938431}, "3_3": {"Attack": 0.9968178841814492, "Prepare": -1, "Defend": -0.14582168685199817}, "6_4": {"Attack": 1, "Prepare": -0.9989999995, "Defend": -0.007378029628296568}, "4_4": {"Defend": -0.14164405833847574, "Prepare": -0.9984977524994993, "Attack": 0.9979305224547608}, "6_0": {"Prepare": 0.0006148787766949527, "Defend": -0.004346231957758464, "Attack": 1}, "7_1": {"Defend": 0.0002847709103254931, "Attack": -0.004377706011541723, "Prepare": 0.001227352744232139}, "1_5": {"Defend": -0.38530113826751783, "Prepare": -0.999499}, "2_4": {"Defend": -0.1928255477260799, "Prepare": -1}, "0_6": {"Prepare": -1}, "2_6": {"Prepare": -1, "Defend": -0.12408567491750913}, "3_5": {"Defend": -0.10039589584325355, "Prepare": -1, "Attack": 0.9984965012703344}, "1_7": {"Defend": -0.14622778403729503, "Prepare": -0.998998501}, "8_2": {"Defend": -0.01887179073594527, "Prepare": -0.012838787686163752, "Attack": 0.9989953834081426}, "0_8": {"Prepare": -1}, "5_5": {"Prepare": -1, "Attack": 0.9962193083718217, "Defend": -0.004631901613102072}, "7_5": {"Attack": 1, "Prepare": 1e-06}, "8_0": {"Defend": -0.003793992200155795, "Prepare": 0.00045018393583450575, "Attack": 1}, "4_6": {"Prepare": -0.9989972512499997, "Attack": 0.986573847481915, "Defend": -0.0004888706782698889}, "6_6": {"Defend": -0.001980045900678815, "Prepare": -1}, "2_8": {"Prepare": -1, "Defend": -0.004940001909591192}, "3_7": {"Attack": 1, "Prepare": -0.999498498625625, "Defend": -0.0019787839281407626}, "8_4": {"Prepare": -1}, "3_9": {"Defend": -0.000494995}, "2_10": {"Prepare": 9.975000000000002e-07}, "1_9": {"Defend": -0.006891372889780476, "Prepare": -0.999499}, "4_8": {"Prepare": 0.0}, "5_9": {"Defend": -0.00049}, "9_1": {"Attack": 0.21977268399206945, "Defend": 9.760785255362407e-05, "Prepare": 0.0006469898071685932}, "0_10": {"Prepare": -0.999}, "9_3": {"Defend": 0.00020134189827844922, "Prepare": -1, "Attack": 2.9858217042796832e-05}, "1_11": {"Defend": -0.00049}, "10_0": {"Attack": 1, "Prepare": 7.671550877650497e-08, "Defend": -0.00040493962074046504}, "11_1": {"Attack": -0.0001629625466321112, "Prepare": 2.6651588895568336e-05, "Defend": -1.8107070959744906e-09}, "12_0": {"Prepare": -2.8616094249189195e-08, "Defend": -4.4749776062164484e-05, "Attack": 1}, "13_1": {"Defend": -2.488644052128306e-05, "Attack": 1, "Prepare": 9.989999999999999e-07}, "12_2": {"Attack": -9.41963331468037e-06, "Prepare": 9.915264034702646e-07, "Defend": -5e-06}, "14_2": {"Prepare": 1.99650025e-06, "Defend": -9.989505073282882e-06}, "15_3": {"Defend": -5e-06}, "14_4": {"Defend": -5e-06}, "13_5": {"Attack": 1}, "13_3": {"Attack": 1.998980684395603e-05, "Prepare": 1e-06}, "11_3": {"Defend": 0.0}, "10_2": {"Defend": 2.993837758506563e-07}, "14_0": {"Attack": 1}, "15_1": {"Defend": -4.9995e-06, "Attack": 1}}