{
    "1_1": {
        "Prepare": -0.8099999999999896,
        "Defend": -0.8199999999999896
    },
    "2_2": {
        "Defend": -0.9099999999999946,
        "Prepare": -0.8999999999999946
    },
    "1_3": {
        "Defend": -0.6360999999999812,
        "Prepare": -1
    },
    "0_0": {
        "Prepare": -0.7289999999999852
    },
    "3_3": {
        "Defend": 0.021587578400453257,
        "Prepare": -1,
        "Attack": -0.6460999999999812
    },
    "2_0": {
        "Defend": -0.7389999999999852,
        "Prepare": 0.0017636675839201859
    },
    "3_1": {
        "Attack": -0.6660999999999813,
        "Defend": 0.001589200356981291,
        "Prepare": 0.001959185715385502
    },
    "4_4": {
        "Attack": 0.915672307194407,
        "Prepare": -0.9959889550312105,
        "Defend": -0.6848163298899841
    },
    "0_2": {
        "Prepare": -0.8999999999999946
    },
    "0_4": {
        "Prepare": -0.9989321905734609
    },
    "2_4": {
        "Prepare": -0.9989603659288293,
        "Defend": -0.7277100750982295
    },
    "4_0": {
        "Defend": -0.00823373814945227,
        "Prepare": 0.0021760651465362025,
        "Attack": 1
    },
    "4_2": {
        "Prepare": -0.627302097934198,
        "Defend": -0.6870511918814601,
        "Attack": 1
    },
    "5_1": {
        "Attack": -0.008398334135867574,
        "Prepare": 0.0024134639456237566,
        "Defend": 0.001974271010215157
    },
    "1_5": {
        "Defend": -0.8023132422830404,
        "Prepare": -0.99801
    },
    "5_3": {
        "Defend": -0.5066589039305293,
        "Prepare": -0.9930633505174573,
        "Attack": 0.9102145081957428
    },
    "0_6": {
        "Prepare": -1
    },
    "6_2": {
        "Defend": -0.6531088123805584,
        "Attack": 1,
        "Prepare": -0.5536530009216084
    },
    "3_5": {
        "Defend": -0.7890520137332316,
        "Attack": 1,
        "Prepare": -0.998991
    },
    "1_7": {
        "Defend": -0.8905694251591821,
        "Prepare": -0.99799218891
    },
    "6_0": {
        "Attack": 1,
        "Prepare": 0.0026748565876611313,
        "Defend": -0.007799993105077493
    },
    "2_6": {
        "Prepare": -1,
        "Defend": -0.8917266511829895
    },
    "7_1": {
        "Attack": -0.007898386059491749,
        "Prepare": 0.002931748496593994,
        "Defend": 0.002580252435156384
    },
    "6_4": {
        "Defend": -0.3468647955372257,
        "Attack": 0.8528074779176132,
        "Prepare": -1
    },
    "5_5": {
        "Attack": 1,
        "Prepare": -1,
        "Defend": -0.5855175999548442
    },
    "8_2": {
        "Attack": 1,
        "Prepare": 6.883973914249099e-06,
        "Defend": -0.06965383100321892
    },
    "0_8": {
        "Prepare": -0.9950990049899999
    },
    "9_3": {
        "Defend": 0.0004921249208438
    },
    "9_1": {
        "Prepare": 0.003299528254416432,
        "Attack": -0.0025597195045018372,
        "Defend": 0.003337973803707659
    },
    "10_2": {
        "Prepare": 0.0
    },
    "11_3": {
        "Prepare": 0.0
    },
    "12_2": {
        "Prepare": 0.008909983961343902
    },
    "13_1": {
        "Attack": 1,
        "Prepare": -1.7642521710000002e-06,
        "Defend": -0.000118
    },
    "10_0": {
        "Attack": 1,
        "Defend": -0.000990031011332184,
        "Prepare": 0.002381670284077658
    },
    "4_6": {
        "Prepare": -1,
        "Defend": -0.3122338438054234,
        "Attack": 0.8890413179378014
    },
    "5_7": {
        "Attack": 0.9435462828365448,
        "Defend": -0.008792882268376134,
        "Prepare": -1
    },
    "8_0": {
        "Prepare": 0.0032049515422875006,
        "Attack": 1,
        "Defend": -0.007116592720424322
    },
    "2_8": {
        "Prepare": -0.99702099,
        "Defend": -0.4375691802459081
    },
    "1_9": {
        "Prepare": -1,
        "Defend": -0.37227451116282056
    },
    "3_7": {
        "Defend": -0.19054794107230985,
        "Prepare": -0.999,
        "Attack": 0.980909
    },
    "7_3": {
        "Attack": 0.9844510626425614,
        "Defend": -0.16100831166948315,
        "Prepare": -1
    },
    "6_6": {
        "Defend": -0.05127098576992194,
        "Attack": 0.8887973851691171,
        "Prepare": -0.9970298999999999
    },
    "4_8": {
        "Defend": -0.05234947596968042,
        "Prepare": -1
    },
    "8_4": {
        "Attack": 0.9310375738611332,
        "Prepare": 0.0
    },
    "7_5": {
        "Prepare": -1,
        "Defend": -0.09030682625760694
    },
    "2_10": {
        "Defend": -0.026216585033407402,
        "Prepare": -1
    },
    "1_11": {
        "Prepare": -0.00031414998490003946,
        "Defend": -0.0001
    },
    "3_9": {
        "Attack": 0.9622919791030544,
        "Prepare": -1
    },
    "12_4": {
        "Attack": 1
    },
    "0_10": {
        "Prepare": -1
    },
    "9_5": {
        "Prepare": -1
    },
    "11_1": {
        "Prepare": 0.006394746181569556,
        "Defend": 0.00011160270615668825,
        "Attack": -4.7741592181324365e-05
    },
    "12_0": {
        "Attack": 1,
        "Prepare": -9.105308389186841e-07,
        "Defend": -0.000199523761515824
    },
    "0_12": {
        "Prepare": -1
    },
    "14_2": {
        "Defend": -9.80340576561e-05
    },
    "13_3": {
        "Attack": 0.9901096995566335
    },
    "14_0": {
        "Defend": -0.000100015878269539
    }
}